timestamp,village (location name),sourceId (sensor/source ID),ph,turbidity (NTU),tds (ppm),waterLevel (%),flowRate (L/min),temperature (°C),residualChlorine (mg/L),ecoliCount (CFU/100mL),rainfall24h (mm),populationServed (number),pumpStatus (ON/OFF/FAULT),label (safe/contamination/shortage/leakage)
05-03-2026 10:00,Bodhan,SRC192,6.63,1.04,288,53,2.19,20.2,0.52,1,9,4093,ON,safe
05-03-2026 10:10,Asifabad,SRC908,7.07,3.63,419,14,1.89,31.7,0.35,8,4.7,5682,OFF,shortage
05-03-2026 10:20,Luxettipet,SRC385,7.17,2.93,320,69,3.48,22.7,0.78,1,1.8,7311,ON,safe
05-03-2026 10:30,Narsingi,SRC929,7.15,3.84,323,75,1.8,24.9,0.8,2,3.6,5781,ON,safe
05-03-2026 10:40,Dundigal,SRC815,6.81,3.64,202,60,2.21,21,0.43,4,9.9,6595,ON,safe
05-03-2026 10:50,Bellampalli,SRC157,5.66,7.89,1195,82,1.11,24.7,0.15,150,25.6,6613,OFF,contamination
05-03-2026 11:00,Chevella,SRC423,9.69,21.55,664,44,1.05,24.2,0.12,22,10.7,1531,ON,contamination
05-03-2026 11:10,Bellampalli,SRC875,7.99,0.69,291,82,2.19,23.8,0.25,0,1,2938,ON,safe
05-03-2026 11:20,Bhongir,SRC548,7.58,3.43,238,83,1.87,30.4,0.39,2,0.1,1348,ON,safe
05-03-2026 11:30,Vikarabad,SRC112,7.42,3.64,177,48,2.26,29.9,0.52,1,6.6,1300,ON,safe
05-03-2026 11:40,Sangareddy,SRC585,7.15,1.19,236,80,1.69,27.9,0.46,1,4.5,5077,OFF,safe
05-03-2026 11:50,Mancherial,SRC140,8.18,0.94,451,61,2.97,31.1,0.34,5,5.6,5453,ON,safe
05-03-2026 12:00,Manikonda,SRC191,7.65,2.08,350,83,1.72,21.2,0.68,4,9.6,1705,ON,safe
05-03-2026 12:10,Asifabad,SRC297,9.06,24.33,680,59,2.61,28,0.01,26,21,2588,ON,contamination
05-03-2026 12:20,Mulugu,SRC756,7.94,4.67,156,14,1.78,33.8,0.4,9,0.3,4491,OFF,shortage
05-03-2026 12:30,Mulugu,SRC384,7.38,1.88,248,39,0.26,30.8,0.43,7,1.1,4127,ON,leakage
05-03-2026 12:40,Siddipet,SRC725,7.67,3.82,449,6,1.74,25.1,0.28,1,1.9,3979,OFF,shortage
05-03-2026 12:50,Bachupally,SRC375,7.8,2.76,309,56,2.1,20.8,0.73,1,9.3,1275,ON,safe
05-03-2026 13:00,Kompally,SRC185,9.22,20.5,1180,88,1.65,26.5,0.01,34,17.2,3212,ON,contamination
05-03-2026 13:10,Korutla,SRC488,6.89,1.02,445,61,1.94,21.1,0.45,2,9.3,6360,OFF,safe
05-03-2026 13:20,Mahabubabad,SRC605,5.73,13.16,1242,73,2.51,33.2,0.16,155,24,1913,OFF,contamination
05-03-2026 13:30,Asifabad,SRC585,6.57,2.73,252,11,1.74,34.9,0.29,1,4.5,7908,FAULT,shortage
05-03-2026 13:40,Dundigal,SRC373,6.55,1.72,407,64,0.48,20.3,0.63,10,4,881,FAULT,leakage
05-03-2026 13:50,Gajwel,SRC894,6.7,3.7,278,52,3.16,20.7,0.45,1,6.2,1592,ON,safe
05-03-2026 14:00,Yacharam,SRC711,8.14,3.31,148,47,2.91,28.4,0.6,3,0.9,6280,ON,safe
05-03-2026 14:10,Kothapally,SRC253,8.29,0.97,229,61,2.22,23.7,0.43,3,2.6,1038,ON,safe
05-03-2026 14:20,Nirmal,SRC563,7.04,0.91,257,54,2.27,23,0.44,3,6.9,4209,OFF,safe
05-03-2026 14:30,Manikonda,SRC639,7.58,1.37,395,39,0.39,30.1,0.29,8,5.9,1650,FAULT,leakage
05-03-2026 14:40,Mahabubabad,SRC238,6.98,4.92,326,16,1.84,29.3,0.52,2,4.8,2582,FAULT,shortage
05-03-2026 14:50,Manikonda,SRC134,7.87,1.3,186,92,2.56,27.2,0.52,2,5.6,3543,ON,safe
05-03-2026 15:00,Narsingi,SRC501,7.94,4.75,199,38,0.19,29.7,0.37,8,6.1,6496,ON,leakage
05-03-2026 15:10,Shankarpally,SRC174,5.79,19.65,1036,77,1.23,22.9,0.1,147,0.3,5970,OFF,contamination
05-03-2026 15:20,Bellampalli,SRC134,9.13,22.69,995,46,2.47,23.5,0.11,51,20.4,6574,OFF,contamination
05-03-2026 15:30,Luxettipet,SRC543,8.12,1.77,228,46,2.48,24.9,0.75,0,5.1,7484,ON,safe
05-03-2026 15:40,Metpally,SRC409,7.5,4.78,168,2,1.99,31.3,0.53,5,2.8,5759,FAULT,shortage
05-03-2026 15:50,Luxettipet,SRC111,7.76,1.02,380,53,0.21,25.1,0.2,10,2.3,6471,ON,leakage
05-03-2026 16:00,Narsingi,SRC152,7.45,3.32,267,10,1.25,24.9,0.23,7,2.4,4575,FAULT,shortage
05-03-2026 16:10,Shankarpally,SRC222,7.08,1.71,397,54,0.31,27.4,0.64,0,13.2,3923,ON,leakage
05-03-2026 16:20,Jagtial,SRC357,7.12,3.13,469,48,1.97,23.4,0.26,0,9.9,3060,ON,safe
05-03-2026 16:30,Chevella,SRC329,7.29,2.86,374,81,3.32,28.8,0.29,1,0.8,5970,ON,safe
05-03-2026 16:40,Sangareddy,SRC307,7.96,1.36,392,47,2.73,28.8,0.78,0,4.2,3696,ON,safe
05-03-2026 16:50,Kothapally,SRC274,9.05,6.23,1112,56,2.71,32.5,0.03,160,16.6,7775,OFF,contamination
05-03-2026 17:00,Kagaznagar,SRC525,7.46,2.42,176,6,0.88,30.6,0.21,2,4,7310,OFF,shortage
05-03-2026 17:10,Yacharam,SRC939,7.85,0.54,207,80,3.22,21,0.25,5,8.2,1553,ON,safe
05-03-2026 17:20,Mahabubabad,SRC974,7.17,2.6,422,62,0.53,22.8,0.42,4,2.1,7384,FAULT,leakage
05-03-2026 17:30,Chevella,SRC138,6.79,1.41,333,71,0.12,31.9,0.66,10,14.6,5072,FAULT,leakage
05-03-2026 17:40,Medchal,SRC885,7.27,4.95,232,10,1.7,29.6,0.27,6,3.5,7518,OFF,shortage
05-03-2026 17:50,Kothapally,SRC987,9.78,23.75,942,46,2.99,32.6,0.05,148,4.2,5418,ON,contamination
05-03-2026 18:00,Jagtial,SRC290,6.91,4.56,209,61,0.34,28.1,0.23,2,12.8,3457,ON,leakage
05-03-2026 18:10,Asifabad,SRC795,6.7,1.26,260,63,2.14,25.4,0.58,4,5.2,3856,OFF,safe
05-03-2026 18:20,Medchal,SRC366,7.82,1.01,155,40,0.2,28.4,0.3,9,11.1,5203,FAULT,leakage
05-03-2026 18:30,Jagtial,SRC241,7.38,2.48,341,36,0.11,30.2,0.21,4,6.1,2104,ON,leakage
05-03-2026 18:40,Parkal,SRC630,7.06,3.12,446,61,2.17,21.5,0.59,4,2.7,1744,ON,safe
05-03-2026 18:50,Parkal,SRC852,7.45,2.72,254,66,0.08,29.5,0.48,5,13.9,1850,FAULT,leakage
05-03-2026 19:00,Toopran,SRC253,7.72,1.15,124,48,2.81,29.6,0.66,1,1.4,1153,OFF,safe
05-03-2026 19:10,Alair,SRC837,8.16,2.62,283,88,3.33,23.4,0.7,4,8.4,3266,OFF,safe
05-03-2026 19:20,Choutuppal,SRC808,7.98,0.79,311,46,2.63,27.6,0.52,0,5.4,3414,OFF,safe
05-03-2026 19:30,Bodhan,SRC538,8.13,1.14,251,95,2.35,27.5,0.58,1,6.8,1196,OFF,safe
05-03-2026 19:40,Narsingi,SRC739,7.2,3.86,224,3,1.62,22.5,0.57,7,1,5187,OFF,shortage
05-03-2026 19:50,Mulugu,SRC412,7.02,3.38,235,67,1.78,23.9,0.35,3,4.5,5457,ON,safe
05-03-2026 20:00,Chevella,SRC597,6.71,2.8,414,55,3.31,22.7,0.34,0,9.5,5157,ON,safe
05-03-2026 20:10,Bellampalli,SRC806,10.25,6.23,1096,54,1.07,29.9,0.01,20,17,7815,ON,contamination
05-03-2026 20:20,Moinabad,SRC758,5.23,16.17,924,71,1.77,32.6,0.17,45,1.4,7690,OFF,contamination
05-03-2026 20:30,Choutuppal,SRC688,7.37,1.48,332,88,2.4,25.7,0.22,0,0.7,7815,ON,safe
05-03-2026 20:40,Bhainsa,SRC467,8.03,2.75,151,73,3.3,23,0.55,2,1.6,6925,ON,safe
05-03-2026 20:50,Kompally,SRC255,9.14,12.54,701,73,1.96,32.6,0.05,32,18.9,3442,ON,contamination
05-03-2026 21:00,Nirmal,SRC103,7.73,4.44,169,63,1.74,23.1,0.27,3,8.9,1466,ON,safe
05-03-2026 21:10,Nirmal,SRC907,6.84,1.01,372,17,1.49,29.1,0.53,1,1.2,1815,FAULT,shortage
05-03-2026 21:20,Sangareddy,SRC438,7.2,4.83,271,5,1.52,25.5,0.43,5,2.3,3522,OFF,shortage
05-03-2026 21:30,Bellampalli,SRC369,9.29,21.36,1004,71,1.1,29.7,0.14,186,22.4,7264,OFF,contamination
05-03-2026 21:40,Yacharam,SRC689,7.13,1.35,285,45,2.19,30.6,0.26,2,3.8,2277,OFF,safe
05-03-2026 21:50,Vikarabad,SRC604,6.9,2.26,159,39,0.53,20.9,0.58,6,11.3,4723,FAULT,leakage
05-03-2026 22:00,Asifabad,SRC189,4.95,10.19,1173,59,1.4,24.2,0.04,101,28,2602,ON,contamination
05-03-2026 22:10,Bodhan,SRC379,6.61,2.48,431,85,1.67,27.2,0.7,2,6,4408,ON,safe
05-03-2026 22:20,Bachupally,SRC180,7.06,2.25,172,69,0.09,26.2,0.64,3,3,1525,ON,leakage
05-03-2026 22:30,Ghatkesar,SRC192,7.04,2.19,156,84,1.62,31.7,0.67,5,6.4,2428,ON,safe
05-03-2026 22:40,Ibrahimpatnam,SRC971,6.64,2.85,282,66,3.38,21.8,0.4,2,7.4,4340,OFF,safe
05-03-2026 22:50,Zaheerabad,SRC499,7.73,3.57,216,74,2.79,24,0.65,0,2.9,5124,ON,safe
05-03-2026 23:00,Bhongir,SRC775,7.63,3.24,122,72,1.64,31.2,0.4,1,8,6597,ON,safe
05-03-2026 23:10,Bhainsa,SRC404,7.05,3.56,247,73,0.23,27.5,0.37,10,0.4,970,ON,leakage
05-03-2026 23:20,Bachupally,SRC805,10.5,17.62,956,67,2.06,31.6,0.16,31,18.5,3803,OFF,contamination
05-03-2026 23:30,Manikonda,SRC608,7.32,4.38,243,94,1.53,30.2,0.41,5,7.4,6932,ON,safe
05-03-2026 23:40,Toopran,SRC296,7.04,2.29,203,47,2.77,22.3,0.24,5,2.6,2084,ON,safe
05-03-2026 23:50,Mulugu,SRC218,7.14,3.24,214,58,2.84,27.6,0.56,2,1.8,6517,ON,safe
06-03-2026 00:00,Kagaznagar,SRC476,10.06,23.14,1237,81,1.29,33.8,0.14,39,7.5,6455,OFF,contamination
06-03-2026 00:10,Narsingi,SRC144,8.16,3.22,317,63,0.11,23.2,0.66,5,1,3492,FAULT,leakage
06-03-2026 00:20,Parkal,SRC192,6.51,1.5,316,39,0.4,32.4,0.62,9,6.1,5637,ON,leakage
06-03-2026 00:30,Parkal,SRC898,7.63,1.48,405,66,2.47,24.5,0.2,2,0.3,4450,ON,safe
06-03-2026 00:40,Metpally,SRC409,7.29,1.85,167,75,2.56,26.2,0.51,5,6,2900,ON,safe
06-03-2026 00:50,Narsingi,SRC391,7.52,2.06,400,78,1.61,21.3,0.72,3,2.5,7402,ON,safe
06-03-2026 01:00,Mancherial,SRC144,7.27,2.87,357,7,1.71,34.8,0.56,9,1.5,4642,FAULT,shortage
06-03-2026 01:10,Manikonda,SRC692,7.65,4.24,281,86,2.4,31.7,0.35,5,6.3,7536,ON,safe
06-03-2026 01:20,Korutla,SRC225,7.85,2.69,435,95,1.81,30,0.55,5,8.3,7007,ON,safe
06-03-2026 01:30,Mahabubabad,SRC117,7.35,1.26,239,76,3.21,31.6,0.26,3,0.3,5895,OFF,safe
06-03-2026 01:40,Metpally,SRC593,7.04,2.95,218,19,1.68,22.8,0.29,5,2.1,6065,OFF,shortage
06-03-2026 01:50,Metpally,SRC972,7.27,1.88,431,19,1.5,30.7,0.32,8,0.7,1073,OFF,shortage
06-03-2026 02:00,Chevella,SRC414,7.13,1.62,322,67,1.84,21.3,0.45,2,1.1,1779,ON,safe
06-03-2026 02:10,Moinabad,SRC995,6.62,1.29,201,59,0.14,31.7,0.69,1,6.6,3313,FAULT,leakage
06-03-2026 02:20,Armur,SRC885,9.19,8.34,1257,43,1.4,32.6,0.1,170,27.4,6167,ON,contamination
06-03-2026 02:30,Siddipet,SRC514,8.21,3.65,385,94,1.98,31.3,0.36,2,7.1,3758,ON,safe
06-03-2026 02:40,Luxettipet,SRC261,7.61,3.72,432,61,1.78,26.2,0.46,5,6,7049,ON,safe
06-03-2026 02:50,Husnabad,SRC126,7.65,3.17,438,6,1.87,27.2,0.53,2,4.8,1735,OFF,shortage
06-03-2026 03:00,Korutla,SRC714,7.89,0.84,278,46,2.15,27.4,0.28,5,4.3,6057,ON,safe
06-03-2026 03:10,Kagaznagar,SRC815,9.34,14.35,739,74,1.43,28.8,0.07,104,14.3,6168,OFF,contamination
06-03-2026 03:20,Bhongir,SRC450,6.68,2.34,381,77,3.08,30.1,0.45,5,4.2,4904,ON,safe
06-03-2026 03:30,Alair,SRC884,7.95,4.08,207,81,2.8,27.1,0.49,4,8.7,2571,ON,safe
06-03-2026 03:40,Ghatkesar,SRC738,8.02,3.56,222,69,0.16,26.2,0.51,5,0.8,3701,ON,leakage
06-03-2026 03:50,Alair,SRC330,8.14,1.05,433,59,0.08,30.8,0.58,0,1.8,2774,FAULT,leakage
06-03-2026 04:00,Siddipet,SRC497,6.59,2.74,211,10,1.75,29.8,0.56,1,0.6,7291,OFF,shortage
06-03-2026 04:10,Mahabubabad,SRC604,7.28,2.73,328,4,0.94,32.3,0.27,8,3.1,3847,FAULT,shortage
06-03-2026 04:20,Zaheerabad,SRC795,8.14,4.29,261,53,0.21,22.3,0.44,10,1.3,2412,ON,leakage
06-03-2026 04:30,Husnabad,SRC352,8.02,1.72,260,49,0.2,31.5,0.34,10,12.7,914,ON,leakage
06-03-2026 04:40,Bellampalli,SRC657,7.64,3.22,384,93,2.31,28.5,0.61,2,1.4,6669,ON,safe
06-03-2026 04:50,Ibrahimpatnam,SRC772,8,4.41,352,66,3.36,24.9,0.28,4,5.6,6000,OFF,safe
06-03-2026 05:00,Bachupally,SRC616,8.06,4.19,259,84,3.36,26.9,0.46,2,7.6,5389,ON,safe
06-03-2026 05:10,Dundigal,SRC855,8.09,4.04,161,67,3.37,23.6,0.27,1,0.2,2318,ON,safe
06-03-2026 05:20,Nirmal,SRC716,6.63,2.87,449,46,3.28,23,0.2,2,2.6,1300,OFF,safe
06-03-2026 05:30,Narsingi,SRC364,7.93,1.63,321,67,0.41,22.5,0.3,5,7.9,7496,FAULT,leakage
06-03-2026 05:40,Kagaznagar,SRC119,8.02,0.97,469,89,1.57,28.5,0.58,3,2.6,2244,OFF,safe
06-03-2026 05:50,Gajwel,SRC295,6.94,1.27,169,61,1.67,24.3,0.55,0,5.8,7365,ON,safe
06-03-2026 06:00,Patancheru,SRC584,4.66,20.6,675,84,2.15,28.8,0.09,32,28.9,2512,OFF,contamination
06-03-2026 06:10,Narsingi,SRC649,6.81,2.77,230,87,1.79,27.7,0.29,0,7.7,6547,ON,safe
06-03-2026 06:20,Vikarabad,SRC768,9.95,21.48,818,71,1.09,29.2,0.06,185,8.7,6293,ON,contamination
06-03-2026 06:30,Moinabad,SRC846,6.73,2.94,163,58,2.43,22.5,0.71,2,4,2452,ON,safe
06-03-2026 06:40,Kothapally,SRC282,7.16,4.44,358,12,1.65,23.2,0.25,2,2.2,6330,OFF,shortage
06-03-2026 06:50,Nirmal,SRC181,4.8,8.25,1271,89,2.25,26.9,0.07,193,19.6,6771,ON,contamination
06-03-2026 07:00,Shamirpet,SRC100,6.76,2.06,321,76,2.9,22.3,0.45,2,1.3,1186,ON,safe
06-03-2026 07:10,Narsingi,SRC285,6.77,1.27,287,74,3.46,26.4,0.22,5,9.2,7027,ON,safe
06-03-2026 07:20,Bachupally,SRC170,8.1,4.18,446,11,1.71,29.5,0.55,0,3.6,7685,OFF,shortage
06-03-2026 07:30,Gajwel,SRC223,7.9,2.96,472,69,1.71,21.4,0.56,3,7.4,2035,ON,safe
06-03-2026 07:40,Gajwel,SRC515,6.78,1.94,401,84,2.73,29.5,0.39,4,9.7,6919,ON,safe
06-03-2026 07:50,Toopran,SRC822,7.86,3.37,460,49,3.41,23,0.54,0,6.6,1114,ON,safe
06-03-2026 08:00,Husnabad,SRC336,5.29,19.87,743,81,2.72,25,0.02,131,20.4,7284,OFF,contamination
06-03-2026 08:10,Bellampalli,SRC831,8.14,1.71,362,46,2.29,25.9,0.26,1,5,5627,ON,safe
06-03-2026 08:20,Toopran,SRC164,8.23,4.2,363,46,2.24,24,0.39,0,3.1,6861,OFF,safe
06-03-2026 08:30,Manikonda,SRC198,7.2,0.58,331,68,1.74,22.6,0.74,2,7.9,1649,OFF,safe
06-03-2026 08:40,Chevella,SRC707,7.66,4.88,313,62,0.08,21.8,0.67,2,8.3,3489,FAULT,leakage
06-03-2026 08:50,Toopran,SRC877,7.8,4.28,142,62,3.37,24.4,0.46,0,4,5501,ON,safe
06-03-2026 09:00,Bhongir,SRC700,9.97,9.21,801,49,2.91,31.5,0.03,48,27.9,2803,OFF,contamination
06-03-2026 09:10,Shankarpally,SRC510,6.89,1.31,201,53,3.15,28,0.36,4,4.8,6866,ON,safe
06-03-2026 09:20,Dundigal,SRC258,8.07,3.82,339,74,3.13,24.4,0.3,2,7.9,898,ON,safe
06-03-2026 09:30,Mancherial,SRC677,9.95,18.75,1004,49,1.25,25,0.1,34,18.3,1968,OFF,contamination
06-03-2026 09:40,Metpally,SRC467,9.29,12.15,1229,82,1.76,23.2,0.18,34,11.3,2156,ON,contamination
06-03-2026 09:50,Siddipet,SRC314,7.29,4.57,370,54,0.39,26.6,0.47,7,7.2,5397,ON,leakage
06-03-2026 10:00,Sangareddy,SRC515,6.88,0.74,131,83,3.03,24.2,0.25,2,3.1,5072,OFF,safe
06-03-2026 10:10,Bachupally,SRC318,7.89,1.67,342,52,3.23,22.9,0.34,3,0.2,4455,ON,safe
06-03-2026 10:20,Vikarabad,SRC580,6.83,1.77,400,49,1.9,28.8,0.28,3,1.8,7576,ON,safe
06-03-2026 10:30,Mancherial,SRC810,8.08,3.68,396,70,0.18,21,0.24,1,12.3,5329,ON,leakage
06-03-2026 10:40,Parkal,SRC650,8.01,3.27,451,84,3.14,29.5,0.58,3,1,5300,ON,safe
06-03-2026 10:50,Sangareddy,SRC334,9.1,13.12,1167,79,1.8,29.6,0.17,48,9.8,7789,OFF,contamination
06-03-2026 11:00,Bhainsa,SRC724,5.1,22.18,538,83,1.1,31.1,0.16,120,30,2156,ON,contamination
06-03-2026 11:10,Husnabad,SRC536,6.78,1.09,176,93,2.83,31.2,0.58,1,2.2,3601,ON,safe
06-03-2026 11:20,Sangareddy,SRC431,6.76,1.41,194,93,3.21,22.6,0.43,0,0.5,3629,OFF,safe
06-03-2026 11:30,Mahabubabad,SRC920,5.02,8.16,1226,66,2.7,22,0.13,94,9.5,3997,ON,contamination
06-03-2026 11:40,Bellampalli,SRC391,8.12,4.07,168,52,2.19,27.8,0.57,1,2.1,4874,ON,safe
06-03-2026 11:50,Mulugu,SRC153,7.97,3.38,150,72,0.33,25.5,0.65,3,4.9,4273,FAULT,leakage
06-03-2026 12:00,Bhongir,SRC772,6.77,4.23,373,76,2.06,25.9,0.27,0,7.5,6254,ON,safe
06-03-2026 12:10,Alair,SRC137,7.84,3.1,189,8,1.81,33.6,0.56,5,1.5,3633,OFF,shortage
06-03-2026 12:20,Zaheerabad,SRC467,5.77,8.21,775,47,1.45,30.3,0.04,61,24.5,1559,OFF,contamination
06-03-2026 12:30,Gajwel,SRC843,7.64,4.25,261,47,1.68,32,0.54,5,2.7,2674,OFF,safe
06-03-2026 12:40,Manikonda,SRC942,7.4,2.64,422,78,1.72,25.4,0.49,5,8.3,5161,ON,safe
06-03-2026 12:50,Bellampalli,SRC699,10.18,20.92,828,77,2.96,25.4,0.17,50,18,963,ON,contamination
06-03-2026 13:00,Yacharam,SRC335,8.22,4.1,456,70,2.53,26,0.58,2,9.5,7628,OFF,safe
06-03-2026 13:10,Kothapally,SRC278,8.18,3.82,424,89,2.43,31.8,0.44,2,1.5,1923,ON,safe
06-03-2026 13:20,Asifabad,SRC452,6.72,1.84,306,52,2.75,28.2,0.55,2,9.4,3372,OFF,safe
06-03-2026 13:30,Patancheru,SRC776,7.73,1.65,157,16,1.27,28.7,0.35,5,3.3,2411,FAULT,shortage
06-03-2026 13:40,Dundigal,SRC497,7.88,2.1,365,91,3.15,30.2,0.54,5,6.1,1769,ON,safe
06-03-2026 13:50,Kagaznagar,SRC951,7.62,2.9,389,82,1.96,23.4,0.44,3,7.8,7764,ON,safe
06-03-2026 14:00,Mahabubabad,SRC137,7.66,3.95,370,90,2.28,27.5,0.28,1,5.8,6415,ON,safe
06-03-2026 14:10,Parkal,SRC493,7.89,4.27,182,93,2.73,31.2,0.29,2,8.3,990,ON,safe
06-03-2026 14:20,Sangareddy,SRC546,8.11,2.81,211,46,2.82,22.2,0.4,2,5.4,7196,ON,safe
06-03-2026 14:30,Gajwel,SRC593,7.5,0.86,205,93,2.85,21,0.6,2,2.8,4788,OFF,safe
06-03-2026 14:40,Husnabad,SRC854,7.64,4.19,327,78,1.95,27.7,0.41,2,6.6,6889,OFF,safe
06-03-2026 14:50,Alair,SRC949,4.66,14.82,1042,43,1.36,23.9,0.15,159,28.8,3493,ON,contamination
06-03-2026 15:00,Shankarpally,SRC236,7.03,0.8,120,80,2.06,27.7,0.66,3,4.9,3963,ON,safe
06-03-2026 15:10,Asifabad,SRC932,7.4,1.07,167,80,2.79,23.5,0.68,3,1.3,6480,OFF,safe
06-03-2026 15:20,Gajwel,SRC337,7.06,3.65,393,74,1.97,31.2,0.61,5,9.9,2460,OFF,safe
06-03-2026 15:30,Vikarabad,SRC863,10.12,8.98,984,46,1.91,26.4,0.07,53,15.4,7087,ON,contamination
06-03-2026 15:40,Yacharam,SRC369,8.1,1.7,215,58,3.45,23.8,0.33,4,0.1,2327,ON,safe
06-03-2026 15:50,Parkal,SRC252,5.91,13.25,1061,40,1.06,30.6,0.14,33,16.4,4447,ON,contamination
06-03-2026 16:00,Patancheru,SRC189,4.95,20.03,1197,77,1.17,24.5,0.2,102,14.3,3125,ON,contamination
06-03-2026 16:10,Mancherial,SRC782,7.2,2.76,267,48,3.07,22.7,0.25,0,0.6,6832,ON,safe
06-03-2026 16:20,Moinabad,SRC500,5.06,8.24,885,56,2.25,26.6,0.19,35,13.5,7969,OFF,contamination
06-03-2026 16:30,Armur,SRC960,6.92,2.53,240,93,2.08,31.1,0.2,3,2.2,5890,ON,safe
06-03-2026 16:40,Luxettipet,SRC214,6.68,1.82,121,67,2.48,27.4,0.51,2,9.6,2736,ON,safe
06-03-2026 16:50,Jagtial,SRC623,7.41,3.59,135,84,2.15,25.4,0.72,2,1.7,2094,ON,safe
06-03-2026 17:00,Alair,SRC582,7.33,4.09,148,79,2.8,28.3,0.6,5,8.5,7115,ON,safe
06-03-2026 17:10,Ghatkesar,SRC218,7.56,1.31,399,72,2.96,20.2,0.7,4,9.6,6972,ON,safe
06-03-2026 17:20,Bodhan,SRC841,8.29,0.55,135,90,3.24,23.5,0.72,1,3,5016,OFF,safe
06-03-2026 17:30,Yacharam,SRC694,7.69,4.78,186,67,0.22,27.7,0.47,6,1.9,4559,ON,leakage
06-03-2026 17:40,Bodhan,SRC483,7.84,2.7,358,91,2.84,20.1,0.43,1,9.2,5253,ON,safe
06-03-2026 17:50,Mancherial,SRC243,7.84,1.73,245,15,0.94,22.8,0.52,8,0.5,4241,OFF,shortage
06-03-2026 18:00,Nirmal,SRC632,7.49,4.86,310,69,0.43,30.2,0.6,3,5.7,7128,FAULT,leakage
06-03-2026 18:10,Chevella,SRC232,10.05,17.89,567,53,1.16,25.8,0.03,103,16.6,2294,OFF,contamination
06-03-2026 18:20,Shankarpally,SRC913,7.5,2.07,285,35,0.34,28.4,0.38,4,2.4,2803,FAULT,leakage
06-03-2026 18:30,Bodhan,SRC191,8.15,0.67,314,53,2.49,23.1,0.56,3,4.4,3055,ON,safe
06-03-2026 18:40,Parkal,SRC780,8.06,3.22,265,68,2.76,21.5,0.61,1,7.4,7186,ON,safe
06-03-2026 18:50,Kompally,SRC882,7.51,1.25,293,78,2.82,28.5,0.2,0,2,4727,ON,safe
06-03-2026 19:00,Asifabad,SRC190,6.95,3.06,395,71,0.45,29.3,0.21,5,13.5,4682,ON,leakage
06-03-2026 19:10,Toopran,SRC100,7.79,4.67,421,39,0.27,27.3,0.49,5,5.9,1423,FAULT,leakage
06-03-2026 19:20,Ibrahimpatnam,SRC354,7.13,4.66,173,73,0.16,21.3,0.35,8,9.6,7046,FAULT,leakage
06-03-2026 19:30,Patancheru,SRC995,7.79,3.54,387,59,0.25,29.2,0.61,4,13.8,7231,FAULT,leakage
06-03-2026 19:40,Mancherial,SRC442,7.75,0.85,380,90,3.2,23.1,0.25,4,9.2,2963,ON,safe
06-03-2026 19:50,Bachupally,SRC244,7.48,4.21,339,62,0.42,22,0.54,2,5.7,6271,ON,leakage
06-03-2026 20:00,Kompally,SRC823,10.19,20.03,774,86,1.36,22.4,0.17,20,13.1,4195,OFF,contamination
06-03-2026 20:10,Bhainsa,SRC420,8.02,3.13,420,50,0.42,28.7,0.68,8,11.5,5920,ON,leakage
06-03-2026 20:20,Husnabad,SRC357,6.7,0.95,129,59,2.25,29.7,0.28,3,4.4,5310,ON,safe
06-03-2026 20:30,Bhongir,SRC151,5.09,24.03,747,62,1.94,33.4,0.04,49,5.5,1771,OFF,contamination
06-03-2026 20:40,Bodhan,SRC656,5.01,20.76,1267,69,2.23,25.8,0.16,182,2.1,5283,ON,contamination
06-03-2026 20:50,Gajwel,SRC140,7.8,2.34,359,14,1.45,32.5,0.34,8,0.9,959,FAULT,shortage
06-03-2026 21:00,Yacharam,SRC937,8.03,0.68,280,80,2.46,26.2,0.29,3,8.8,4887,ON,safe
06-03-2026 21:10,Kompally,SRC249,7.02,3.1,387,65,3.09,31.4,0.63,2,5.6,6749,ON,safe
06-03-2026 21:20,Mulugu,SRC776,4.92,6.64,666,44,1.51,23.4,0.03,137,2.5,4458,ON,contamination
06-03-2026 21:30,Ibrahimpatnam,SRC683,7.42,2.95,211,46,0.24,21.4,0.34,2,10.8,5850,ON,leakage
06-03-2026 21:40,Kothapally,SRC486,7.23,2.94,278,18,1.42,25,0.56,5,3.6,4471,OFF,shortage
06-03-2026 21:50,Zaheerabad,SRC749,7.86,1.83,473,50,2.02,21.7,0.23,2,0.7,5709,ON,safe
06-03-2026 22:00,Mahabubabad,SRC151,7.41,3.44,306,10,1.32,25.8,0.58,0,1.5,5076,OFF,shortage
06-03-2026 22:10,Armur,SRC686,7.53,1.03,266,18,1.44,32.2,0.49,4,2.3,4265,OFF,shortage
06-03-2026 22:20,Chevella,SRC399,7.75,3.89,277,88,1.97,31.9,0.34,5,1.2,3494,ON,safe
06-03-2026 22:30,Ibrahimpatnam,SRC251,10.06,19.97,1222,82,2.32,30.7,0.18,185,22.9,7034,OFF,contamination
06-03-2026 22:40,Vikarabad,SRC371,6.81,0.98,351,62,1.63,30.1,0.78,2,4.8,6416,ON,safe
06-03-2026 22:50,Patancheru,SRC474,9.16,11.47,702,58,1.25,33.9,0.05,136,18,2788,ON,contamination
06-03-2026 23:00,Kagaznagar,SRC521,10.25,13.69,1246,51,2.84,25.7,0.13,63,6.5,6026,ON,contamination
06-03-2026 23:10,Siddipet,SRC511,6.72,3.4,379,12,0.88,32,0.34,9,1.1,4375,OFF,shortage
06-03-2026 23:20,Sangareddy,SRC813,8.17,3.11,450,4,1,34.8,0.5,3,4.7,1451,FAULT,shortage
06-03-2026 23:30,Narsingi,SRC185,5.28,23.38,1205,49,2.13,32.5,0.03,60,12.1,7876,ON,contamination
06-03-2026 23:40,Alair,SRC941,7.26,2.16,360,73,3.47,21.2,0.56,2,7.8,4340,ON,safe
06-03-2026 23:50,Toopran,SRC429,6.56,2.35,431,72,0.25,31.3,0.32,10,9,3660,FAULT,leakage
07-03-2026 00:00,Zaheerabad,SRC546,7.91,0.56,277,70,3.46,29.5,0.5,0,9.9,3927,ON,safe
07-03-2026 00:10,Bhongir,SRC403,8.21,1.78,255,69,1.53,26.8,0.35,3,1.7,6478,ON,safe
07-03-2026 00:20,Korutla,SRC814,7.09,1.69,351,64,2.33,29.1,0.58,5,1.6,1040,ON,safe
07-03-2026 00:30,Sangareddy,SRC729,9.64,14.36,736,64,2.25,27.5,0.07,146,25.3,5507,OFF,contamination
07-03-2026 00:40,Alair,SRC546,6.64,4.1,256,80,1.57,24.9,0.73,3,7.8,6084,ON,safe
07-03-2026 00:50,Parkal,SRC731,10.2,11.81,1121,74,2.84,27.9,0.05,110,12.9,2397,ON,contamination
07-03-2026 01:00,Husnabad,SRC826,7.54,3.77,361,82,3.08,31.8,0.35,3,8.8,5011,OFF,safe
07-03-2026 01:10,Bodhan,SRC205,5.77,17.34,1116,76,1.07,28.9,0.11,132,24.2,1415,ON,contamination
07-03-2026 01:20,Gajwel,SRC779,5.86,16.32,727,47,1.41,32.1,0.08,48,24.6,6732,OFF,contamination
07-03-2026 01:30,Mancherial,SRC145,8.2,4.24,335,58,1.92,26.3,0.24,5,6.4,3135,ON,safe
07-03-2026 01:40,Nirmal,SRC977,6.61,2.45,153,13,1.58,29.1,0.5,1,3.2,4758,OFF,shortage
07-03-2026 01:50,Sangareddy,SRC688,7.64,4.46,282,90,2.46,31.1,0.65,2,7.4,5695,ON,safe
07-03-2026 02:00,Kagaznagar,SRC219,10.23,7.81,1070,64,2.03,24.4,0.19,45,5,1313,ON,contamination
07-03-2026 02:10,Choutuppal,SRC709,7.19,3.36,160,52,2.4,30.4,0.77,0,8.9,4370,OFF,safe
07-03-2026 02:20,Kompally,SRC190,6.81,4.78,300,53,0.56,30.4,0.54,5,13.6,7202,ON,leakage
07-03-2026 02:30,Armur,SRC403,6.92,4.78,271,53,0.56,25.3,0.3,10,1.4,2535,FAULT,leakage
07-03-2026 02:40,Gajwel,SRC513,6.6,1.95,184,91,2.25,30.3,0.44,0,8.2,1173,ON,safe
07-03-2026 02:50,Jagtial,SRC467,6.95,1.73,167,46,3.35,21.4,0.68,3,4.1,1401,ON,safe
07-03-2026 03:00,Armur,SRC942,7.73,4.83,160,38,0.4,20.7,0.65,5,9.1,6017,FAULT,leakage
07-03-2026 03:10,Dundigal,SRC496,7.43,4.64,205,2,1.55,22.4,0.49,6,2.8,5136,OFF,shortage
07-03-2026 03:20,Parkal,SRC876,7.77,1.55,148,61,3.14,27.4,0.34,5,9.7,3858,ON,safe
07-03-2026 03:30,Bhainsa,SRC356,7.15,1.28,368,85,2.46,27.2,0.26,1,1.3,5923,ON,safe
07-03-2026 03:40,Luxettipet,SRC491,7.23,2.51,158,46,2.96,30.2,0.57,5,5.7,7838,ON,safe
07-03-2026 03:50,Armur,SRC961,6.75,3.98,207,72,2.92,23.7,0.77,3,8.7,2661,OFF,safe
07-03-2026 04:00,Kompally,SRC337,8.19,0.93,425,52,2.45,29.5,0.66,3,2.8,7931,OFF,safe
07-03-2026 04:10,Korutla,SRC542,6.97,3.36,196,68,1.9,20.6,0.69,4,5.4,5309,ON,safe
07-03-2026 04:20,Mancherial,SRC407,7.49,2.52,182,68,2.44,21.1,0.36,4,1.5,3274,OFF,safe
07-03-2026 04:30,Sangareddy,SRC140,8.11,1.69,449,52,3.1,26.8,0.57,0,0.2,3952,OFF,safe
07-03-2026 04:40,Bellampalli,SRC269,9.99,18.82,944,52,2.97,28,0.04,22,9.9,1439,ON,contamination
07-03-2026 04:50,Yacharam,SRC174,5.16,9.37,708,87,2.29,31.5,0.04,32,2.3,845,OFF,contamination
07-03-2026 05:00,Shamirpet,SRC980,7.11,2.3,273,67,0.46,27.9,0.62,0,4.6,5177,ON,leakage
07-03-2026 05:10,Moinabad,SRC605,8,2.53,181,76,2.4,23.7,0.51,1,4.6,7667,OFF,safe
07-03-2026 05:20,Bachupally,SRC434,8.17,3.55,198,77,1.74,27.1,0.67,1,3.1,4622,OFF,safe
07-03-2026 05:30,Mulugu,SRC554,6.54,3.32,251,4,1.02,24.3,0.3,5,3.9,5316,OFF,shortage
07-03-2026 05:40,Kompally,SRC495,6.65,2.51,167,71,2.51,27.2,0.37,0,3.4,4866,OFF,safe
07-03-2026 05:50,Shamirpet,SRC867,5.08,12.94,999,55,1.18,22.4,0.11,71,21.7,4906,OFF,contamination
07-03-2026 06:00,Mulugu,SRC641,7.98,1.37,236,63,2.43,22.5,0.36,2,4.5,906,ON,safe
07-03-2026 06:10,Alair,SRC514,7.61,0.62,244,61,2.8,24.7,0.6,1,1.9,6662,ON,safe
07-03-2026 06:20,Zaheerabad,SRC716,5.95,16.3,1060,75,1.71,32.4,0.09,124,4.9,1995,OFF,contamination
07-03-2026 06:30,Asifabad,SRC410,7.57,1.8,275,69,3.21,27.2,0.49,4,6.4,970,ON,safe
07-03-2026 06:40,Shankarpally,SRC273,7.96,4.03,431,49,0.58,28.3,0.62,1,1.3,2099,FAULT,leakage
07-03-2026 06:50,Ibrahimpatnam,SRC503,8.02,1.25,251,15,1.44,28.7,0.43,10,1.2,2477,OFF,shortage
07-03-2026 07:00,Mahabubabad,SRC708,7.16,3.35,395,45,1.78,31.3,0.23,2,5.1,5034,ON,safe
07-03-2026 07:10,Sangareddy,SRC409,6.89,2.78,290,5,1.47,29.2,0.55,1,2.9,7024,OFF,shortage
07-03-2026 07:20,Toopran,SRC993,6.71,2.06,371,36,0.11,32.3,0.69,5,13.5,6427,ON,leakage
07-03-2026 07:30,Shankarpally,SRC498,8.07,4.17,319,86,1.76,28.5,0.2,2,5.1,2036,OFF,safe
07-03-2026 07:40,Bodhan,SRC767,6.61,0.72,153,75,3.08,27.9,0.49,4,0,7237,ON,safe
07-03-2026 07:50,Zaheerabad,SRC429,7.4,3.14,299,55,2.69,26.3,0.5,3,3.8,7944,ON,safe
07-03-2026 08:00,Asifabad,SRC922,8.16,3.81,472,52,3.15,27.3,0.33,4,2.4,7705,ON,safe
07-03-2026 08:10,Chevella,SRC888,9.16,19.12,918,63,1.26,26.1,0.19,80,25.5,971,OFF,contamination
07-03-2026 08:20,Kothapally,SRC594,9.7,8.89,801,73,2.54,27.6,0.09,148,8.3,3174,OFF,contamination
07-03-2026 08:30,Korutla,SRC159,7.79,1.42,158,87,3.05,22.6,0.55,3,5.7,6797,ON,safe
07-03-2026 08:40,Bhongir,SRC383,7.57,2.43,405,13,0.83,26.9,0.35,1,3.1,2851,OFF,shortage
07-03-2026 08:50,Gajwel,SRC854,7.19,1.64,240,78,2.31,23,0.34,0,3.3,6082,ON,safe
07-03-2026 09:00,Vikarabad,SRC951,6.64,2.4,413,52,1.59,25.4,0.63,4,8.1,5047,ON,safe
07-03-2026 09:10,Gajwel,SRC732,6.82,2.72,292,66,3.35,29.2,0.69,5,2,3064,ON,safe
07-03-2026 09:20,Siddipet,SRC917,8.07,1.79,354,66,2.55,21.4,0.47,4,2.1,1016,ON,safe
07-03-2026 09:30,Sangareddy,SRC688,10.41,24.55,665,67,2.29,25.2,0.07,117,19.8,5193,OFF,contamination
07-03-2026 09:40,Moinabad,SRC850,6.73,2.98,202,62,0.26,31.1,0.7,6,8.9,5887,FAULT,leakage
07-03-2026 09:50,Bodhan,SRC865,7.3,2.72,287,4,1.91,27.8,0.46,4,3.5,3560,FAULT,shortage
07-03-2026 10:00,Choutuppal,SRC299,5.61,9.95,1199,54,2.36,29.2,0.15,154,29.9,1926,OFF,contamination
07-03-2026 10:10,Bhainsa,SRC241,7.93,2.77,275,53,0.14,23.5,0.51,6,7.7,1247,FAULT,leakage
07-03-2026 10:20,Medchal,SRC639,7.86,4.41,373,5,1.78,25.7,0.4,8,3,4578,OFF,shortage
07-03-2026 10:30,Medchal,SRC336,7.42,3.11,230,92,3.5,31.4,0.42,1,3.8,1972,ON,safe
07-03-2026 10:40,Jagtial,SRC223,7.65,1.55,473,74,2.01,31.1,0.3,5,1,6808,ON,safe
07-03-2026 10:50,Ibrahimpatnam,SRC709,7.92,2.9,157,60,3.19,29.8,0.38,0,5.9,4296,ON,safe
07-03-2026 11:00,Armur,SRC305,9.25,16.12,837,66,2.49,32,0.1,37,19.9,2819,OFF,contamination
07-03-2026 11:10,Choutuppal,SRC388,7.11,0.94,188,63,3.3,27.7,0.32,0,4.8,4189,ON,safe
07-03-2026 11:20,Patancheru,SRC839,7.64,4.47,457,84,3.36,26.8,0.75,4,6.1,5757,ON,safe
07-03-2026 11:30,Kagaznagar,SRC130,10.41,19.69,869,58,2.37,22.2,0.15,153,24,6029,ON,contamination
07-03-2026 11:40,Toopran,SRC526,7.09,2.88,301,67,2.97,27.1,0.33,4,2.7,1118,ON,safe
07-03-2026 11:50,Husnabad,SRC327,10.43,7.88,1050,86,1.01,31.7,0.01,141,17.2,4177,OFF,contamination
07-03-2026 12:00,Bhongir,SRC512,8.2,2.17,208,84,1.92,23,0.8,5,8.5,5906,OFF,safe
07-03-2026 12:10,Narsingi,SRC586,7.57,1.5,402,8,1.78,23.8,0.57,1,0.6,2020,FAULT,shortage
07-03-2026 12:20,Yacharam,SRC112,6.99,3.59,344,43,0.57,31.5,0.53,3,8.4,7652,FAULT,leakage
07-03-2026 12:30,Luxettipet,SRC177,6.89,3.13,356,95,2.13,30,0.38,4,3,5686,ON,safe
07-03-2026 12:40,Korutla,SRC708,6.96,1.27,326,52,2.09,25.9,0.67,4,1.1,6740,ON,safe
07-03-2026 12:50,Asifabad,SRC155,7.11,3.82,370,47,2.68,23.8,0.69,4,9.5,4949,ON,safe
07-03-2026 13:00,Mahabubabad,SRC607,7.89,0.99,431,64,2.68,20.3,0.52,1,8.8,1024,ON,safe
07-03-2026 13:10,Bhainsa,SRC948,7.32,3.15,446,50,0.32,27.5,0.37,8,14.1,7226,FAULT,leakage
07-03-2026 13:20,Mancherial,SRC960,6.74,2.41,243,74,0.49,29,0.27,3,3.6,3450,FAULT,leakage
07-03-2026 13:30,Kompally,SRC214,7.05,0.95,139,49,2.83,25.1,0.23,2,1.6,1020,ON,safe
07-03-2026 13:40,Mancherial,SRC794,8.05,1.71,154,16,1.92,25.8,0.21,8,3.9,4982,OFF,shortage
07-03-2026 13:50,Sangareddy,SRC385,6.5,1.96,263,19,1.41,31,0.42,10,2.3,5880,OFF,shortage
07-03-2026 14:00,Sangareddy,SRC389,7.69,4.71,337,51,0.16,32.6,0.66,0,0.5,2942,FAULT,leakage
07-03-2026 14:10,Ghatkesar,SRC984,7.39,1.25,357,64,0.1,24.4,0.43,8,9.9,2984,ON,leakage
07-03-2026 14:20,Medchal,SRC816,7.07,3.83,274,65,2.88,30.9,0.39,4,4.1,4819,OFF,safe
07-03-2026 14:30,Vikarabad,SRC394,8.04,2.89,169,61,1.92,27.5,0.6,2,1.7,4372,OFF,safe
07-03-2026 14:40,Patancheru,SRC951,7.07,0.81,187,75,1.87,21.1,0.69,4,6.4,1871,OFF,safe
07-03-2026 14:50,Parkal,SRC768,8.05,4.5,399,12,1.81,24.5,0.34,3,2.2,2141,OFF,shortage
07-03-2026 15:00,Zaheerabad,SRC447,6.79,4.6,367,7,1.2,25.1,0.33,8,4.1,4648,OFF,shortage
07-03-2026 15:10,Alair,SRC144,7.43,2.93,190,2,1.26,31.6,0.37,0,0.1,6374,OFF,shortage
07-03-2026 15:20,Vikarabad,SRC138,7.74,2.15,163,53,1.59,25.2,0.7,0,5.7,6598,ON,safe
07-03-2026 15:30,Siddipet,SRC640,7.84,4.41,187,52,1.51,25,0.66,0,6.2,3680,ON,safe
07-03-2026 15:40,Mahabubabad,SRC314,7.17,1.08,336,76,2.61,26.9,0.6,0,1.3,5093,OFF,safe
07-03-2026 15:50,Alair,SRC753,10.29,6.39,728,44,1.85,23.7,0.09,125,20.9,5968,OFF,contamination
07-03-2026 16:00,Alair,SRC784,6.88,1.93,430,85,2.24,27.5,0.43,3,2.4,7120,ON,safe
07-03-2026 16:10,Vikarabad,SRC345,6.87,1.47,122,90,3.47,21.4,0.61,4,2.5,7718,OFF,safe
07-03-2026 16:20,Choutuppal,SRC864,9.01,20.37,652,68,1.51,31.5,0.18,172,29.9,982,OFF,contamination
07-03-2026 16:30,Ghatkesar,SRC232,6.63,2.22,425,74,1.69,22.2,0.41,0,7.6,5061,OFF,safe
07-03-2026 16:40,Chevella,SRC288,7.01,3.75,223,60,1.95,28.2,0.28,0,6.2,3730,ON,safe
07-03-2026 16:50,Shamirpet,SRC386,8.07,3.67,311,93,3.17,28.7,0.24,4,7.9,1676,ON,safe
07-03-2026 17:00,Metpally,SRC575,7.68,2.31,244,51,2.52,27.2,0.35,4,8.2,5508,OFF,safe
07-03-2026 17:10,Choutuppal,SRC454,5.47,21.26,748,42,1.88,25.4,0.17,113,12,6671,ON,contamination
07-03-2026 17:20,Bodhan,SRC102,7.5,2.14,354,50,2.01,27.2,0.36,2,0.3,1802,ON,safe
07-03-2026 17:30,Mahabubabad,SRC871,6.74,1.62,391,62,2.86,31.7,0.65,3,0.4,3759,OFF,safe
07-03-2026 17:40,Siddipet,SRC998,7.34,2.88,296,72,1.59,22.8,0.68,0,7.6,1699,ON,safe
07-03-2026 17:50,Mulugu,SRC754,7.95,4.02,172,59,0.39,22.3,0.23,10,6.3,7904,ON,leakage
07-03-2026 18:00,Kompally,SRC898,6.74,2.41,195,91,3.22,31.4,0.48,1,1.4,6712,ON,safe
07-03-2026 18:10,Kompally,SRC530,9.11,10.64,936,68,2.2,22.9,0.1,102,18,2028,ON,contamination
07-03-2026 18:20,Asifabad,SRC702,6.83,3.86,265,62,0.46,21.8,0.3,9,6.6,6364,ON,leakage
07-03-2026 18:30,Luxettipet,SRC884,6.61,3.42,277,2,1.6,30.2,0.46,8,0.1,2168,FAULT,shortage
07-03-2026 18:40,Medchal,SRC687,7.81,4.31,335,16,1.86,23.8,0.22,3,4.5,3111,FAULT,shortage
07-03-2026 18:50,Kagaznagar,SRC806,6.84,2.59,477,72,3.27,29.9,0.35,5,4.9,5188,OFF,safe
07-03-2026 19:00,Metpally,SRC492,8.15,2.65,133,80,2.33,25.2,0.77,5,9.6,1518,ON,safe
07-03-2026 19:10,Parkal,SRC568,7.62,1.83,199,59,3.4,27.9,0.24,3,1.2,6000,ON,safe
07-03-2026 19:20,Nirmal,SRC183,7.34,3.6,437,49,2.27,20.2,0.36,5,1.2,7188,ON,safe
07-03-2026 19:30,Kompally,SRC161,7.83,3.09,228,59,1.89,26.9,0.41,3,0.3,4182,ON,safe
07-03-2026 19:40,Gajwel,SRC643,9.79,10.03,873,72,2.78,30.2,0.03,114,7.6,7022,ON,contamination
07-03-2026 19:50,Sangareddy,SRC236,6.83,3.31,351,82,3.4,28.7,0.4,3,4,5764,ON,safe
07-03-2026 20:00,Nirmal,SRC755,7.25,0.78,280,70,1.93,31.5,0.62,3,4.9,2914,OFF,safe
07-03-2026 20:10,Mahabubabad,SRC930,7.58,3.78,241,37,0.59,29.9,0.53,9,12.8,4230,FAULT,leakage
07-03-2026 20:20,Siddipet,SRC250,6.78,4.13,160,15,1.83,29.3,0.59,8,1.8,5620,FAULT,shortage
07-03-2026 20:30,Sangareddy,SRC573,9.12,21.49,698,69,1.8,27.2,0.01,117,18.6,4668,ON,contamination
07-03-2026 20:40,Mancherial,SRC557,9.84,18.04,975,42,1.62,25.2,0.17,87,19.2,7288,OFF,contamination
07-03-2026 20:50,Kagaznagar,SRC358,8.22,4.27,167,91,2.21,26.5,0.27,2,2.1,7127,OFF,safe
07-03-2026 21:00,Kagaznagar,SRC956,7.99,1.78,223,50,0.56,21.3,0.49,7,11.7,7888,ON,leakage
07-03-2026 21:10,Zaheerabad,SRC988,8,1.08,134,69,1.74,23.1,0.56,0,5.1,1867,ON,safe
07-03-2026 21:20,Gajwel,SRC332,7.54,0.71,278,68,3.12,30.7,0.58,0,3.7,5122,ON,safe
07-03-2026 21:30,Alair,SRC580,7.81,2.65,439,86,3.12,28.1,0.57,3,1.2,4730,ON,safe
07-03-2026 21:40,Bodhan,SRC245,7.77,1.81,238,59,1.67,20,0.36,1,6.1,5144,ON,safe
07-03-2026 21:50,Manikonda,SRC207,7.91,4.64,221,11,1.14,22.6,0.41,2,3.3,2876,OFF,shortage
07-03-2026 22:00,Mancherial,SRC443,7.11,3.08,347,5,1.66,34.7,0.48,4,2.7,2128,OFF,shortage
07-03-2026 22:10,Mancherial,SRC242,7.82,3.07,218,14,0.98,28,0.4,8,3.5,4984,OFF,shortage
07-03-2026 22:20,Sangareddy,SRC948,7.67,4.88,182,74,0.06,20.8,0.55,3,5.5,4394,ON,leakage
07-03-2026 22:30,Luxettipet,SRC775,6.54,1.98,204,14,1.04,25.9,0.58,9,4.6,3198,OFF,shortage
07-03-2026 22:40,Bhongir,SRC267,6.91,4.03,293,15,1.11,22,0.36,4,0.1,5188,FAULT,shortage
07-03-2026 22:50,Parkal,SRC705,8.25,2.64,135,55,2.17,26.3,0.75,1,8.9,5450,ON,safe
07-03-2026 23:00,Toopran,SRC706,7.8,2.18,246,58,2.27,23.4,0.32,4,2,5901,ON,safe
07-03-2026 23:10,Bodhan,SRC243,7.45,1.74,190,74,2.19,31,0.26,5,2.8,7313,OFF,safe
07-03-2026 23:20,Choutuppal,SRC985,4.7,21.29,1097,69,2.19,27,0.13,183,3.9,5948,OFF,contamination
07-03-2026 23:30,Husnabad,SRC157,6.82,2.26,143,73,1.62,24.2,0.58,4,2,6987,ON,safe
07-03-2026 23:40,Ghatkesar,SRC919,5,20.77,1144,75,1.03,34,0.19,122,3.8,7853,OFF,contamination
07-03-2026 23:50,Shankarpally,SRC287,7.37,4.3,122,83,1.91,29.7,0.26,2,7.1,872,ON,safe
08-03-2026 00:00,Jagtial,SRC200,7.97,0.66,125,90,1.76,26.6,0.73,5,4.3,4682,ON,safe
08-03-2026 00:10,Vikarabad,SRC388,9.89,6.3,842,44,2.02,32.2,0.17,135,14.7,2931,OFF,contamination
08-03-2026 00:20,Bachupally,SRC654,7.47,3.16,386,71,1.94,27.5,0.21,2,5.9,4883,ON,safe
08-03-2026 00:30,Jagtial,SRC165,8.27,4.49,169,48,1.54,20.9,0.61,0,3.7,6947,ON,safe
08-03-2026 00:40,Bhainsa,SRC471,6.9,3.02,181,92,2.37,31.6,0.45,3,7.5,3629,ON,safe
08-03-2026 00:50,Gajwel,SRC645,6.97,2.2,361,41,0.47,32,0.26,4,7.6,2640,FAULT,leakage
08-03-2026 01:00,Dundigal,SRC603,8.08,1.4,175,83,2.48,20.5,0.25,1,4.4,7804,ON,safe
08-03-2026 01:10,Alair,SRC817,6.92,2.29,120,49,3.32,31.4,0.66,4,0.1,4766,ON,safe
08-03-2026 01:20,Chevella,SRC350,8.02,3.8,337,7,1.26,27.4,0.33,9,2.2,5609,FAULT,shortage
08-03-2026 01:30,Patancheru,SRC925,10.33,18.6,844,73,2.75,23.1,0.14,147,2.2,3016,OFF,contamination
08-03-2026 01:40,Mancherial,SRC156,6.63,4.43,142,62,2.7,21,0.33,0,7.8,4987,ON,safe
08-03-2026 01:50,Yacharam,SRC489,7.69,3.32,277,57,1.8,26.2,0.72,3,8.2,2774,OFF,safe
08-03-2026 02:00,Mahabubabad,SRC808,9.28,8.27,1199,49,2.48,30.6,0.09,188,18,5077,OFF,contamination
08-03-2026 02:10,Yacharam,SRC614,8.19,4.88,437,12,0.88,31.5,0.3,5,1.6,5486,FAULT,shortage
08-03-2026 02:20,Bhainsa,SRC804,7.33,3.69,283,10,1.5,27.9,0.36,3,3.8,1943,OFF,shortage
08-03-2026 02:30,Shankarpally,SRC772,7.4,2.28,210,71,2.93,25.6,0.57,5,6.3,6673,ON,safe
08-03-2026 02:40,Kompally,SRC459,7.94,1.42,333,87,3.05,30.7,0.65,2,0.7,5843,ON,safe
08-03-2026 02:50,Gajwel,SRC530,10.47,8.68,1274,46,1.36,33.2,0.07,30,14.1,1816,OFF,contamination
08-03-2026 03:00,Mancherial,SRC404,7.6,3.73,283,10,0.82,29.9,0.6,10,0.2,7347,FAULT,shortage
08-03-2026 03:10,Nirmal,SRC523,7.99,4.29,473,86,1.95,28.2,0.7,4,4.2,1824,ON,safe
08-03-2026 03:20,Alair,SRC462,7.15,1.87,218,20,1.83,26.3,0.3,4,0.8,898,OFF,shortage
08-03-2026 03:30,Ghatkesar,SRC908,7.95,2.11,197,69,2.49,24.6,0.26,2,4.9,7733,ON,safe
08-03-2026 03:40,Manikonda,SRC118,6.91,4.4,333,87,3.47,23.3,0.24,5,3.6,1448,OFF,safe
08-03-2026 03:50,Asifabad,SRC335,8.28,3.62,276,92,2.77,30.3,0.66,5,6.8,6147,OFF,safe
08-03-2026 04:00,Bhongir,SRC225,7.3,1.41,320,95,1.83,22.9,0.23,5,8.1,1223,ON,safe
08-03-2026 04:10,Ghatkesar,SRC523,7.42,3.64,449,52,0.09,22.3,0.4,9,10.1,2735,ON,leakage
08-03-2026 04:20,Ghatkesar,SRC542,6.96,3.81,348,19,0.81,22.7,0.49,5,2.9,4642,OFF,shortage
08-03-2026 04:30,Siddipet,SRC291,7.21,3.06,204,16,1.23,32,0.36,0,1,6525,OFF,shortage
08-03-2026 04:40,Armur,SRC132,7.11,3.77,292,18,1.86,25.2,0.28,6,4,2793,OFF,shortage
08-03-2026 04:50,Luxettipet,SRC313,6.93,0.84,133,79,2.96,22,0.36,1,2,3874,ON,safe
08-03-2026 05:00,Luxettipet,SRC103,7.08,1.5,364,11,1.25,32.3,0.6,9,0.5,3279,OFF,shortage
08-03-2026 05:10,Toopran,SRC178,8.04,2.07,180,86,1.95,30.4,0.78,2,5.5,6723,ON,safe
08-03-2026 05:20,Ghatkesar,SRC933,7.56,3.39,231,78,3.5,20.3,0.77,1,1.3,7633,OFF,safe
08-03-2026 05:30,Medchal,SRC238,6.77,3.08,256,46,3.21,31.7,0.77,2,8.5,969,ON,safe
08-03-2026 05:40,Manikonda,SRC930,6.89,3.71,211,95,2.63,22.5,0.67,0,5.3,6267,ON,safe
08-03-2026 05:50,Metpally,SRC881,6.95,3.48,368,47,2.36,27.9,0.65,0,3.1,1572,ON,safe
08-03-2026 06:00,Mulugu,SRC584,6.67,3.55,403,82,3.22,22.6,0.48,1,5.7,1321,OFF,safe
08-03-2026 06:10,Mulugu,SRC124,7.76,4.07,331,79,3.34,27.4,0.21,3,6.9,2168,OFF,safe
08-03-2026 06:20,Luxettipet,SRC869,7.9,3.76,255,75,0.37,20.8,0.57,10,15,7543,FAULT,leakage
08-03-2026 06:30,Toopran,SRC623,7.12,3.46,360,90,2.2,21.6,0.71,1,5.3,1755,ON,safe
08-03-2026 06:40,Narsingi,SRC860,7.76,2.31,409,76,3.18,24.6,0.21,1,6.7,1573,ON,safe
08-03-2026 06:50,Ghatkesar,SRC124,7.81,3.57,265,37,0.56,26.6,0.64,8,14.4,7766,FAULT,leakage
08-03-2026 07:00,Sangareddy,SRC112,7.81,4.05,230,87,2.91,31.5,0.25,5,3.8,2220,ON,safe
08-03-2026 07:10,Manikonda,SRC491,9.54,17.95,907,56,1.04,27.5,0.1,70,2.6,1855,ON,contamination
08-03-2026 07:20,Kagaznagar,SRC561,6.53,2.56,357,20,0.94,30,0.27,1,1.1,4172,FAULT,shortage
08-03-2026 07:30,Ibrahimpatnam,SRC412,9.14,22.66,1130,88,1.25,32.2,0.2,27,26.2,5475,OFF,contamination
08-03-2026 07:40,Shamirpet,SRC306,7.58,4.29,308,73,0.46,31.9,0.38,0,14.5,5588,FAULT,leakage
08-03-2026 07:50,Chevella,SRC747,10.22,17.3,1046,84,2.95,22.3,0.05,183,12.1,2367,ON,contamination
08-03-2026 08:00,Yacharam,SRC213,7.49,3.42,400,81,1.79,28.5,0.53,3,8.7,7393,ON,safe
08-03-2026 08:10,Bodhan,SRC443,7.1,4.49,351,91,3.38,27.7,0.54,4,1.9,5098,ON,safe
08-03-2026 08:20,Kagaznagar,SRC242,7.42,3.06,450,7,1.6,29.2,0.54,4,1.9,7865,OFF,shortage
08-03-2026 08:30,Metpally,SRC492,5.07,21.05,613,45,1.41,29.1,0.01,177,0.7,7922,OFF,contamination
08-03-2026 08:40,Bodhan,SRC138,6.7,4.78,242,17,0.88,25,0.56,10,2.9,1292,FAULT,shortage
08-03-2026 08:50,Moinabad,SRC443,8.15,1.85,266,16,1.2,22.3,0.37,5,2.9,6456,OFF,shortage
08-03-2026 09:00,Patancheru,SRC634,7.34,3.3,154,8,1.18,23.1,0.38,0,4.5,1770,FAULT,shortage
08-03-2026 09:10,Yacharam,SRC481,9.12,22.13,1106,54,2.22,30.6,0.07,33,23.9,3821,ON,contamination
08-03-2026 09:20,Luxettipet,SRC507,7.95,3.95,433,67,0.32,28.7,0.66,8,8.8,2118,ON,leakage
08-03-2026 09:30,Nirmal,SRC895,9.34,8.45,811,50,1.02,29,0.2,104,2.1,6375,OFF,contamination
08-03-2026 09:40,Ghatkesar,SRC978,6.84,1.95,189,67,0.49,27.5,0.28,7,5.1,2276,ON,leakage
08-03-2026 09:50,Choutuppal,SRC476,7.33,4.35,322,59,0.17,20.3,0.22,0,5.4,1942,ON,leakage
08-03-2026 10:00,Bhongir,SRC672,7.44,2.68,427,77,1.69,31.5,0.26,1,3,4767,ON,safe
08-03-2026 10:10,Chevella,SRC794,8.2,1,364,36,0.3,28.7,0.55,10,12.1,5962,FAULT,leakage
08-03-2026 10:20,Chevella,SRC659,6.66,2.43,405,73,0.32,29.1,0.7,5,11.4,2688,ON,leakage
08-03-2026 10:30,Gajwel,SRC549,7.04,4.48,408,79,1.76,23.4,0.45,0,1.7,6158,OFF,safe
08-03-2026 10:40,Alair,SRC756,8.21,2.04,152,58,3.08,22.8,0.55,4,6.2,4578,OFF,safe
08-03-2026 10:50,Gajwel,SRC481,7.41,2.86,184,66,2.61,30.6,0.25,1,3.7,3328,ON,safe
08-03-2026 11:00,Nirmal,SRC862,7.95,1.67,239,7,1.9,23.3,0.57,7,2.1,5534,OFF,shortage
08-03-2026 11:10,Siddipet,SRC535,9.45,13.63,1106,80,2.81,33.6,0.14,165,8.1,6145,OFF,contamination
08-03-2026 11:20,Toopran,SRC769,9.33,15.59,876,51,1.55,32.8,0.15,130,29,5998,OFF,contamination
08-03-2026 11:30,Choutuppal,SRC573,7.57,1.97,347,94,3.11,21.5,0.65,1,3.1,6188,ON,safe
08-03-2026 11:40,Kompally,SRC439,5.02,21.88,612,76,2.13,22.2,0.13,124,15.7,1523,ON,contamination
08-03-2026 11:50,Shamirpet,SRC918,7.2,1.49,432,56,2.39,29,0.43,2,0.6,6614,ON,safe
08-03-2026 12:00,Vikarabad,SRC357,8.29,3.02,168,60,2.79,31.4,0.7,3,8.4,2798,ON,safe
08-03-2026 12:10,Alair,SRC503,7.22,3.09,182,69,2.42,29.8,0.32,3,5.6,1712,ON,safe
08-03-2026 12:20,Kothapally,SRC682,7.33,3.18,162,53,0.54,28.5,0.25,5,2.8,6383,FAULT,leakage
08-03-2026 12:30,Mancherial,SRC168,8.12,4.88,415,10,1.35,27.6,0.22,2,0.6,3553,FAULT,shortage
08-03-2026 12:40,Medchal,SRC315,7.98,1.02,287,15,0.96,22.3,0.28,5,0,2184,OFF,shortage
08-03-2026 12:50,Siddipet,SRC923,6.77,2.15,240,12,1.17,35,0.59,1,2.2,2498,OFF,shortage
08-03-2026 13:00,Bhongir,SRC168,7.41,2.78,385,79,1.81,30.5,0.21,3,3.6,7640,OFF,safe
08-03-2026 13:10,Vikarabad,SRC335,6.75,3.57,407,69,0.47,31.7,0.65,8,7.3,1780,FAULT,leakage
08-03-2026 13:20,Alair,SRC792,7.1,1.96,175,47,1.96,20.8,0.56,0,9.9,3179,ON,safe
08-03-2026 13:30,Kagaznagar,SRC615,6.61,2.98,410,7,1.87,23.9,0.24,7,1.3,5345,FAULT,shortage
08-03-2026 13:40,Yacharam,SRC894,8.11,2.13,209,62,2.3,28.9,0.42,1,7.8,7922,ON,safe
08-03-2026 13:50,Sangareddy,SRC477,5.32,12.16,883,86,1.24,31.3,0.08,145,12.5,850,ON,contamination
08-03-2026 14:00,Siddipet,SRC693,7.03,3.93,429,86,1.71,26.7,0.58,1,0.8,939,ON,safe
08-03-2026 14:10,Vikarabad,SRC939,7.71,3.45,462,89,2.01,20.5,0.66,3,7.1,7541,ON,safe
08-03-2026 14:20,Chevella,SRC802,7.18,2.25,279,76,2.95,25.7,0.7,5,4.9,1603,ON,safe
08-03-2026 14:30,Shamirpet,SRC843,7.41,1.02,349,55,0.17,28,0.49,8,2.3,2309,ON,leakage
08-03-2026 14:40,Bhainsa,SRC509,5.04,6.19,1071,80,1.79,32.1,0.06,122,16.9,5020,ON,contamination
08-03-2026 14:50,Kompally,SRC129,6.64,3.15,235,87,1.74,22.7,0.68,3,3.1,888,ON,safe
08-03-2026 15:00,Zaheerabad,SRC387,6.95,4.15,197,73,1.54,26.3,0.76,2,6.4,6024,ON,safe
08-03-2026 15:10,Parkal,SRC669,7.73,0.88,244,66,3.09,20.6,0.27,5,6.2,6830,ON,safe
08-03-2026 15:20,Manikonda,SRC729,7.47,1.96,447,15,1.7,30.9,0.28,5,3,6872,FAULT,shortage
08-03-2026 15:30,Manikonda,SRC419,7.14,2.66,164,72,1.87,24.3,0.43,0,8.8,3898,OFF,safe
08-03-2026 15:40,Chevella,SRC117,5.78,10.48,828,82,2.46,24.1,0,110,1.3,3817,OFF,contamination
08-03-2026 15:50,Metpally,SRC158,6.86,0.8,237,80,3.01,23.3,0.69,3,5.6,2407,ON,safe
08-03-2026 16:00,Dundigal,SRC297,6.54,3.23,387,37,0.57,29.2,0.52,4,10.2,6564,ON,leakage
08-03-2026 16:10,Choutuppal,SRC300,5.37,20.42,734,53,1.42,33.4,0.14,130,27.3,6193,ON,contamination
08-03-2026 16:20,Yacharam,SRC633,7.32,2.65,243,84,2.76,28.4,0.57,2,7.2,5294,ON,safe
08-03-2026 16:30,Toopran,SRC742,6.66,3.22,406,11,1.2,33.5,0.48,3,2.7,5701,FAULT,shortage
08-03-2026 16:40,Kothapally,SRC924,6.7,0.9,300,70,2.62,27.4,0.64,1,3.3,5930,ON,safe
08-03-2026 16:50,Korutla,SRC318,5.28,16.87,734,62,1.69,24.3,0.09,163,4.7,4660,OFF,contamination
08-03-2026 17:00,Siddipet,SRC732,10.25,19.3,753,48,2.62,32.4,0.14,60,14.4,7932,ON,contamination
08-03-2026 17:10,Shamirpet,SRC273,5.84,17.05,751,74,2.34,24.8,0.13,145,11.4,5494,ON,contamination
08-03-2026 17:20,Mahabubabad,SRC917,8.04,1.94,435,84,2.82,22.9,0.59,0,1.3,7847,ON,safe
08-03-2026 17:30,Bodhan,SRC371,7.4,2.34,417,73,3.49,25.9,0.43,1,2,5927,ON,safe
08-03-2026 17:40,Narsingi,SRC287,9.82,21.96,1254,69,2.39,23.2,0.1,149,9.6,3487,OFF,contamination
08-03-2026 17:50,Bachupally,SRC202,7.75,3.76,135,45,2.71,25.2,0.57,1,4.8,4366,ON,safe
08-03-2026 18:00,Gajwel,SRC796,9.94,10.08,572,89,1.49,22.3,0.11,188,21.4,7052,ON,contamination
08-03-2026 18:10,Mulugu,SRC410,7.76,2.34,188,60,1.59,29.9,0.75,5,8.3,4716,ON,safe
08-03-2026 18:20,Siddipet,SRC194,6.7,3.92,320,90,3.04,22.7,0.36,2,5.6,7953,ON,safe
08-03-2026 18:30,Korutla,SRC580,7.41,4.5,159,53,0.58,30.6,0.65,9,5.3,4309,ON,leakage
08-03-2026 18:40,Luxettipet,SRC802,5.06,6.94,766,43,2.43,30.5,0.09,172,22.1,5547,ON,contamination
08-03-2026 18:50,Kothapally,SRC205,7.76,3.13,191,50,1.83,24.5,0.77,3,4.1,3205,ON,safe
08-03-2026 19:00,Medchal,SRC734,6.84,2.29,125,82,1.95,21.1,0.6,3,3.7,6110,ON,safe
08-03-2026 19:10,Luxettipet,SRC554,7.89,1.66,307,13,0.82,34.4,0.39,10,4.9,3235,FAULT,shortage
08-03-2026 19:20,Dundigal,SRC302,8.04,3.56,275,53,0.37,24.2,0.64,2,2.6,6201,ON,leakage
08-03-2026 19:30,Armur,SRC171,7.83,3.97,353,83,2.75,31.2,0.56,4,1.4,7258,OFF,safe
08-03-2026 19:40,Kagaznagar,SRC656,6.55,2.42,393,62,0.22,28.2,0.56,2,5.7,4267,ON,leakage
08-03-2026 19:50,Metpally,SRC639,10.12,22.03,976,72,1.13,28.2,0.17,115,18.4,6122,OFF,contamination
08-03-2026 20:00,Husnabad,SRC872,7.61,3.42,255,94,2.19,27.4,0.49,2,0.3,6675,ON,safe
08-03-2026 20:10,Dundigal,SRC195,9.42,9.8,1182,76,2.69,28.9,0.2,149,24.6,4909,OFF,contamination
08-03-2026 20:20,Husnabad,SRC964,8.19,3.34,253,2,0.87,22.2,0.41,7,0.9,7442,OFF,shortage
08-03-2026 20:30,Zaheerabad,SRC378,9.91,9.3,601,47,2.78,29.1,0.19,198,28,7266,OFF,contamination
08-03-2026 20:40,Patancheru,SRC554,6.93,4.37,131,50,2.06,23.7,0.75,5,0.9,4988,ON,safe
08-03-2026 20:50,Jagtial,SRC806,6.68,1.93,395,46,1.76,31.4,0.25,2,1.7,6209,OFF,safe
08-03-2026 21:00,Medchal,SRC982,7.85,4.14,266,17,0.85,24.2,0.57,9,1.8,5152,OFF,shortage
08-03-2026 21:10,Bachupally,SRC233,7.35,4.04,333,75,0.55,27.9,0.26,0,1,2226,FAULT,leakage
08-03-2026 21:20,Kompally,SRC593,6.83,1.42,453,95,1.86,28.5,0.34,1,6.7,3080,ON,safe
08-03-2026 21:30,Medchal,SRC913,7.05,2.13,146,60,2.16,27.8,0.35,3,5.6,6324,ON,safe
08-03-2026 21:40,Bhainsa,SRC653,7.37,3.77,201,60,0.24,26.5,0.42,6,7.9,4933,FAULT,leakage
08-03-2026 21:50,Kagaznagar,SRC855,7.63,3.47,401,15,1.04,25.7,0.36,2,1.9,6740,OFF,shortage
08-03-2026 22:00,Metpally,SRC970,6.69,2.66,246,80,2.82,20.1,0.55,2,6,3955,ON,safe
08-03-2026 22:10,Bellampalli,SRC302,7.15,0.6,184,78,3.23,31.3,0.22,5,6.7,4917,ON,safe
08-03-2026 22:20,Vikarabad,SRC847,9.1,8.12,608,80,1.95,23.8,0.01,133,28,4314,OFF,contamination
08-03-2026 22:30,Bhongir,SRC406,7.07,3.46,161,79,3.34,30.9,0.23,5,0.9,2865,OFF,safe
08-03-2026 22:40,Bellampalli,SRC983,6.51,3.63,394,49,0.38,26.2,0.41,0,9.8,4399,ON,leakage
08-03-2026 22:50,Manikonda,SRC412,6.95,3.73,474,89,2.62,21.9,0.46,5,8,5436,ON,safe
08-03-2026 23:00,Shankarpally,SRC115,7.67,0.78,283,63,2.59,28.3,0.36,1,5.6,3228,OFF,safe
08-03-2026 23:10,Husnabad,SRC178,8.16,2.39,322,94,3.48,27.2,0.41,5,4.5,2291,OFF,safe
08-03-2026 23:20,Bhainsa,SRC251,7.53,2.68,329,64,0.33,27.2,0.55,5,8.5,2648,FAULT,leakage
08-03-2026 23:30,Bachupally,SRC429,7.76,3.14,167,84,3.41,31.7,0.52,0,2.6,1375,ON,safe
08-03-2026 23:40,Alair,SRC768,10.18,6.79,1225,60,2.17,30.3,0.1,171,9.3,6589,OFF,contamination
08-03-2026 23:50,Metpally,SRC563,7.37,3.61,339,70,2.27,26,0.38,4,0.7,3244,ON,safe
09-03-2026 00:00,Asifabad,SRC684,7.93,3.98,186,38,0.11,26.1,0.54,1,1.7,5211,FAULT,leakage
09-03-2026 00:10,Vikarabad,SRC455,9.45,10.57,900,80,2.18,26.5,0.17,89,2.4,1223,ON,contamination
09-03-2026 00:20,Bodhan,SRC165,7.39,2.83,366,56,0.32,31.1,0.64,3,3,4813,ON,leakage
09-03-2026 00:30,Parkal,SRC151,6.75,4.46,184,61,3.13,27.9,0.41,0,2.4,2533,ON,safe
09-03-2026 00:40,Mulugu,SRC712,6.61,1.14,329,47,2.2,21,0.63,2,8.8,3800,ON,safe
09-03-2026 00:50,Medchal,SRC650,7.42,2.66,438,19,0.96,24.1,0.41,0,1.9,5783,OFF,shortage
09-03-2026 01:00,Patancheru,SRC899,7.25,3.14,192,73,2.61,31.3,0.42,3,8.9,1774,OFF,safe
09-03-2026 01:10,Zaheerabad,SRC591,7.3,3.68,295,79,3.31,30.9,0.72,2,3.3,1677,ON,safe
09-03-2026 01:20,Luxettipet,SRC571,7.79,0.58,350,69,1.6,30,0.44,3,8.5,1871,ON,safe
09-03-2026 01:30,Narsingi,SRC793,7.77,3.81,251,74,0.5,21.9,0.34,8,12.3,5497,ON,leakage
09-03-2026 01:40,Shamirpet,SRC958,7.39,4.79,163,36,0.53,21.7,0.48,7,10.9,6532,ON,leakage
09-03-2026 01:50,Siddipet,SRC477,7.13,1.95,151,61,1.88,23.9,0.73,1,9.9,6082,OFF,safe
09-03-2026 02:00,Mahabubabad,SRC969,8.98,24.45,1109,42,1.42,31.9,0.05,189,24.8,2484,OFF,contamination
09-03-2026 02:10,Bellampalli,SRC621,7.28,0.98,264,57,3.04,26.2,0.46,4,9,905,ON,safe
09-03-2026 02:20,Yacharam,SRC430,4.97,10.14,975,73,1.02,31.6,0.18,151,27.8,1973,OFF,contamination
09-03-2026 02:30,Bachupally,SRC263,8.25,0.61,301,59,2.56,25.6,0.6,1,8.2,3203,ON,safe
09-03-2026 02:40,Siddipet,SRC909,6.68,3.14,456,58,3.14,21,0.22,1,9.3,4261,ON,safe
09-03-2026 02:50,Armur,SRC848,8.12,1.37,183,10,1.48,26,0.4,5,2.9,3681,OFF,shortage
09-03-2026 03:00,Mahabubabad,SRC981,8.19,1.62,376,50,2.85,23.5,0.27,3,1.1,5924,ON,safe
09-03-2026 03:10,Alair,SRC203,6.86,2.7,450,8,0.96,27.1,0.4,1,2.1,2051,OFF,shortage
09-03-2026 03:20,Luxettipet,SRC663,6.92,1.79,217,83,3.01,23.4,0.44,2,4.2,6397,ON,safe
09-03-2026 03:30,Moinabad,SRC976,7.81,3.47,210,78,2.24,27,0.77,3,3.1,6779,ON,safe
09-03-2026 03:40,Kompally,SRC760,7.27,4.02,253,46,3.32,21.6,0.43,2,6.1,3734,ON,safe
09-03-2026 03:50,Metpally,SRC835,6.77,2.26,434,45,0.47,32.9,0.55,10,12.6,5137,FAULT,leakage
09-03-2026 04:00,Toopran,SRC643,7.36,4.05,135,49,1.54,23.2,0.29,1,7.1,5692,ON,safe
09-03-2026 04:10,Kagaznagar,SRC894,7.96,0.92,332,72,1.72,21.1,0.38,4,3,2965,ON,safe
09-03-2026 04:20,Bellampalli,SRC618,7.26,3.88,206,57,0.21,20.8,0.42,2,6.3,4962,ON,leakage
09-03-2026 04:30,Ghatkesar,SRC622,7.47,2.9,131,94,2.95,24.8,0.46,3,2.5,3771,ON,safe
09-03-2026 04:40,Choutuppal,SRC435,7.17,3.38,225,81,2.59,23.7,0.35,4,8.9,6182,ON,safe
09-03-2026 04:50,Jagtial,SRC808,7.41,2.39,365,2,1.75,23.1,0.2,7,3.4,997,OFF,shortage
09-03-2026 05:00,Ibrahimpatnam,SRC159,8.14,3.97,436,15,1.81,25.9,0.34,8,4.7,4144,FAULT,shortage
09-03-2026 05:10,Siddipet,SRC748,7.97,2.79,288,48,1.63,22.6,0.28,4,0.1,7585,ON,safe
09-03-2026 05:20,Kompally,SRC588,7.95,2.17,177,2,1.77,33.1,0.27,4,4.3,1835,OFF,shortage
09-03-2026 05:30,Mancherial,SRC103,6.69,4.21,272,35,0.34,27.4,0.62,2,5.3,7066,FAULT,leakage
09-03-2026 05:40,Husnabad,SRC861,6.72,3.9,270,51,0.47,25,0.36,0,10,3471,FAULT,leakage
09-03-2026 05:50,Mahabubabad,SRC978,8.11,1.1,308,59,0.22,29.4,0.5,10,7,2171,ON,leakage
09-03-2026 06:00,Choutuppal,SRC643,8.24,4.45,475,67,3.29,26.7,0.51,0,0.9,7637,ON,safe
09-03-2026 06:10,Husnabad,SRC813,4.7,24.43,1057,67,1.49,24.6,0.18,140,17.7,7190,ON,contamination
09-03-2026 06:20,Parkal,SRC706,8.95,15.54,1066,69,2.19,30.5,0.2,196,7.1,1911,ON,contamination
09-03-2026 06:30,Sangareddy,SRC868,6.69,2.03,249,18,1.2,34.8,0.39,1,3.8,2040,OFF,shortage
09-03-2026 06:40,Siddipet,SRC578,5.03,20.97,537,65,2.04,26.8,0.14,24,22.8,1070,ON,contamination
09-03-2026 06:50,Parkal,SRC952,6.69,3.71,249,6,1.66,34.7,0.5,4,0.4,2260,FAULT,shortage
09-03-2026 07:00,Gajwel,SRC939,7.62,3.96,271,74,1.57,28.7,0.68,3,0.3,2566,OFF,safe
09-03-2026 07:10,Kothapally,SRC375,7.14,0.62,343,77,1.92,28,0.79,4,1.6,6589,ON,safe
09-03-2026 07:20,Husnabad,SRC455,7.98,3.06,254,90,3.17,28.3,0.24,1,3.7,7998,ON,safe
09-03-2026 07:30,Asifabad,SRC601,8.3,1.63,294,83,2.52,26.8,0.39,2,6,3252,ON,safe
09-03-2026 07:40,Kagaznagar,SRC122,7.54,1.54,243,93,1.83,22.8,0.5,1,7.8,5670,ON,safe
09-03-2026 07:50,Alair,SRC636,7,2.03,257,75,0.22,28.5,0.44,5,14.5,3125,FAULT,leakage
09-03-2026 08:00,Korutla,SRC651,6.84,0.66,344,79,3.47,21.3,0.75,5,2.9,3492,OFF,safe
09-03-2026 08:10,Luxettipet,SRC585,8.17,2.51,148,74,1.68,24.7,0.52,5,5,1495,OFF,safe
09-03-2026 08:20,Dundigal,SRC461,6.81,2.01,294,91,1.69,30.4,0.73,3,3.7,4047,OFF,safe
09-03-2026 08:30,Kagaznagar,SRC748,8.28,2.94,276,84,2.39,31.9,0.65,5,9.4,5260,ON,safe
09-03-2026 08:40,Shankarpally,SRC772,4.89,6.69,1074,58,2.15,26.4,0.03,199,23,3787,ON,contamination
09-03-2026 08:50,Alair,SRC756,7.42,2.68,405,55,0.52,28.2,0.53,4,10.9,6687,FAULT,leakage
09-03-2026 09:00,Ibrahimpatnam,SRC596,7.43,1.63,351,52,0.25,24.4,0.64,7,2.2,2611,FAULT,leakage
09-03-2026 09:10,Choutuppal,SRC226,6.73,2.15,306,4,1.08,23.6,0.32,4,1.3,7384,FAULT,shortage
09-03-2026 09:20,Kompally,SRC971,7.39,1.12,411,43,0.3,25.2,0.46,10,0.4,5746,FAULT,leakage
09-03-2026 09:30,Husnabad,SRC499,10.18,10.9,977,82,1.83,22.4,0.08,96,23.3,2043,OFF,contamination
09-03-2026 09:40,Kothapally,SRC454,7.32,1.15,258,10,1.26,33.6,0.39,6,2.3,6412,FAULT,shortage
09-03-2026 09:50,Jagtial,SRC266,5.77,20.79,683,53,1.01,23.5,0.02,111,7.8,7970,OFF,contamination
09-03-2026 10:00,Parkal,SRC728,8.04,1.82,321,73,0.36,28.3,0.59,7,4,1923,ON,leakage
09-03-2026 10:10,Kothapally,SRC221,7.82,1.29,210,72,2.21,28.2,0.27,5,8.7,823,ON,safe
09-03-2026 10:20,Asifabad,SRC169,5.29,12.92,987,43,1.42,30.8,0.01,185,27.3,7745,OFF,contamination
09-03-2026 10:30,Sangareddy,SRC304,7.23,3.57,169,68,0.48,28.5,0.39,7,13.3,2495,ON,leakage
09-03-2026 10:40,Metpally,SRC445,6.81,3.67,300,87,3.41,26.7,0.69,3,5,2147,OFF,safe
09-03-2026 10:50,Nirmal,SRC727,9.05,11.39,1147,80,1.9,29.1,0.09,181,15.8,2014,OFF,contamination
09-03-2026 11:00,Bodhan,SRC512,8.13,1.38,253,56,2.6,26.9,0.24,4,5.7,6662,ON,safe
09-03-2026 11:10,Medchal,SRC471,9.28,23.16,575,73,1.67,31,0.08,56,0.2,2763,ON,contamination
09-03-2026 11:20,Patancheru,SRC367,5.54,16.91,743,46,2.27,32.9,0.19,148,23.1,2825,OFF,contamination
09-03-2026 11:30,Parkal,SRC133,7.4,2.16,328,68,2.4,29.2,0.64,1,2.8,7160,ON,safe
09-03-2026 11:40,Ibrahimpatnam,SRC398,6.84,4.17,188,50,3.2,24.8,0.52,1,3.2,4089,OFF,safe
09-03-2026 11:50,Choutuppal,SRC347,7.15,2.36,308,14,1.5,31.2,0.32,5,3.9,5354,FAULT,shortage
09-03-2026 12:00,Moinabad,SRC278,7.04,3.14,347,5,1.89,27.9,0.56,2,3.6,3635,OFF,shortage
09-03-2026 12:10,Yacharam,SRC355,7.81,0.62,347,46,2.72,23.6,0.39,2,6.7,1568,ON,safe
09-03-2026 12:20,Bodhan,SRC345,7.58,0.8,423,75,2.85,23.8,0.78,5,3,6524,ON,safe
09-03-2026 12:30,Zaheerabad,SRC119,9.31,13.3,1270,61,2.06,33.9,0.18,159,1.9,1666,ON,contamination
09-03-2026 12:40,Kompally,SRC821,6.78,2.57,352,69,3.38,31.6,0.48,1,8.6,5563,ON,safe
09-03-2026 12:50,Narsingi,SRC599,6.82,1.75,364,11,1.13,25.2,0.28,7,1.1,7823,OFF,shortage
09-03-2026 13:00,Korutla,SRC595,6.73,4.18,181,68,3.08,24.4,0.76,0,0.9,4669,ON,safe
09-03-2026 13:10,Yacharam,SRC526,6.75,1.91,213,62,1.9,27.7,0.39,5,0.9,6112,ON,safe
09-03-2026 13:20,Jagtial,SRC483,7.23,0.64,358,70,2.11,26.3,0.53,1,5.6,3211,ON,safe
09-03-2026 13:30,Kompally,SRC492,7,1.57,246,16,1.63,28,0.49,4,3.1,5399,OFF,shortage
09-03-2026 13:40,Vikarabad,SRC687,7.19,2.57,400,8,1.47,32.9,0.37,8,0.1,6560,OFF,shortage
09-03-2026 13:50,Yacharam,SRC312,5.56,10.43,885,81,1.05,29.7,0.14,32,1.3,4084,OFF,contamination
09-03-2026 14:00,Luxettipet,SRC792,7.27,3.89,130,88,1.57,24.6,0.47,3,1.1,5602,ON,safe
09-03-2026 14:10,Mancherial,SRC626,7.64,2.82,282,2,1.5,27.6,0.26,1,2.5,5669,OFF,shortage
09-03-2026 14:20,Ghatkesar,SRC291,7.31,3.09,466,66,2.49,24.4,0.68,0,4.9,4334,ON,safe
09-03-2026 14:30,Dundigal,SRC441,5.83,16.32,606,51,2.83,32.7,0.1,28,22.6,6761,ON,contamination
09-03-2026 14:40,Medchal,SRC378,8.23,2.19,391,51,1.78,27.6,0.72,2,0.9,2376,ON,safe
09-03-2026 14:50,Choutuppal,SRC952,9.46,20.44,746,83,2.07,23.4,0.14,157,26.6,5185,ON,contamination
09-03-2026 15:00,Nirmal,SRC881,8.07,1.5,367,4,1.59,25.6,0.55,10,3.6,5503,OFF,shortage
09-03-2026 15:10,Shankarpally,SRC847,4.84,22.18,1049,77,1.03,25.5,0.18,185,7.7,6689,OFF,contamination
09-03-2026 15:20,Bachupally,SRC705,4.76,14.1,695,47,2,31.4,0.11,72,13.6,5075,OFF,contamination
09-03-2026 15:30,Korutla,SRC540,7.41,2.92,243,42,0.45,25.4,0.63,3,5.5,5219,FAULT,leakage
09-03-2026 15:40,Bellampalli,SRC353,6.69,3.84,225,80,2.68,23.5,0.48,4,9.7,2379,OFF,safe
09-03-2026 15:50,Manikonda,SRC469,7.64,1.32,340,76,2.16,24.1,0.35,3,2.8,3976,ON,safe
09-03-2026 16:00,Parkal,SRC800,8.24,2.11,147,47,2.98,30,0.35,3,9.4,919,ON,safe
09-03-2026 16:10,Ghatkesar,SRC979,7.15,4.42,329,60,0.06,28.1,0.31,7,11.8,4392,ON,leakage
09-03-2026 16:20,Manikonda,SRC385,8.93,13.93,672,40,2.58,29.8,0.03,77,12.1,7372,ON,contamination
09-03-2026 16:30,Nirmal,SRC561,6.91,2.75,233,12,1.05,25.3,0.44,0,1,7122,OFF,shortage
09-03-2026 16:40,Armur,SRC827,6.57,3.43,288,16,1.6,34,0.52,3,3.4,1710,FAULT,shortage
09-03-2026 16:50,Jagtial,SRC709,6.63,2.23,432,44,0.39,26.1,0.52,5,4.5,4993,ON,leakage
09-03-2026 17:00,Bachupally,SRC871,6.78,4.45,156,54,0.6,20.1,0.54,4,13.5,7259,FAULT,leakage
09-03-2026 17:10,Jagtial,SRC695,7.85,2.97,258,55,0.16,32.6,0.3,3,14.1,2675,FAULT,leakage
09-03-2026 17:20,Mancherial,SRC476,9.84,6.69,545,78,1,32.6,0.16,112,5.8,7752,OFF,contamination
09-03-2026 17:30,Gajwel,SRC671,8.21,1.36,154,87,3.22,23.3,0.71,0,2.1,3252,ON,safe
09-03-2026 17:40,Yacharam,SRC205,7.85,2.95,376,90,2.05,25.9,0.56,0,6.5,5444,ON,safe
09-03-2026 17:50,Ghatkesar,SRC576,7.41,3.75,273,58,0.18,21.2,0.38,5,4.2,1993,ON,leakage
09-03-2026 18:00,Bhongir,SRC799,8.16,3.56,259,80,3.13,27.1,0.28,2,0.2,4320,ON,safe
09-03-2026 18:10,Manikonda,SRC361,6.58,2.73,448,53,0.06,33,0.51,2,10.6,7081,FAULT,leakage
09-03-2026 18:20,Gajwel,SRC658,8.16,3.24,265,84,3.02,29,0.22,1,8.1,1621,OFF,safe
09-03-2026 18:30,Choutuppal,SRC458,6.69,0.97,162,70,1.95,24.4,0.69,3,5.9,7754,OFF,safe
09-03-2026 18:40,Ibrahimpatnam,SRC166,8.17,3.46,262,18,1.69,28,0.22,10,2.4,1358,FAULT,shortage
09-03-2026 18:50,Bhongir,SRC954,6.78,0.72,181,46,3.29,30.2,0.65,5,2.3,3589,ON,safe
09-03-2026 19:00,Medchal,SRC231,7.85,4.61,281,6,1.43,32.6,0.4,0,3.5,7098,FAULT,shortage
09-03-2026 19:10,Bhainsa,SRC288,6.81,2.8,263,36,0.36,26.5,0.54,3,3.6,4212,FAULT,leakage
09-03-2026 19:20,Nirmal,SRC734,8.28,4.49,204,92,2.19,20.3,0.52,0,4.1,4364,ON,safe
09-03-2026 19:30,Kompally,SRC401,7.75,1.98,334,58,3.09,28.2,0.27,2,3.5,3461,ON,safe
09-03-2026 19:40,Gajwel,SRC278,7.63,1.47,313,39,0.33,20.1,0.31,0,8.9,1298,ON,leakage
09-03-2026 19:50,Narsingi,SRC678,6.91,3.36,133,87,1.81,25.8,0.37,5,5.5,7069,ON,safe
09-03-2026 20:00,Ibrahimpatnam,SRC298,7.07,3.47,414,56,2.63,29.4,0.38,4,4.6,4017,ON,safe
09-03-2026 20:10,Kagaznagar,SRC776,7.4,0.95,395,64,2.62,25.1,0.43,4,6.2,3371,ON,safe
09-03-2026 20:20,Nirmal,SRC568,8.07,1.81,376,51,2.64,27,0.46,5,1.6,3519,OFF,safe
09-03-2026 20:30,Narsingi,SRC962,7.38,4.39,167,48,2.92,23,0.24,3,8.8,3123,ON,safe
09-03-2026 20:40,Choutuppal,SRC430,6.91,1.49,171,65,1.59,27.5,0.65,4,7.4,1685,ON,safe
09-03-2026 20:50,Ibrahimpatnam,SRC646,7.55,2.64,191,17,1.66,31.7,0.31,1,1.7,4234,FAULT,shortage
09-03-2026 21:00,Toopran,SRC445,6.88,2.25,169,94,1.74,30.2,0.39,3,1,4654,ON,safe
09-03-2026 21:10,Mancherial,SRC615,7.93,3.32,213,18,0.86,34.5,0.28,2,4.2,1732,FAULT,shortage
09-03-2026 21:20,Alair,SRC813,6.81,2.55,253,10,1.09,32,0.58,5,0.8,3420,OFF,shortage
09-03-2026 21:30,Bachupally,SRC890,7.2,3.11,309,53,0.06,24.4,0.53,10,9,1489,ON,leakage
09-03-2026 21:40,Gajwel,SRC911,8.96,15.24,1087,51,1.22,24.4,0.08,189,25.5,3610,OFF,contamination
09-03-2026 21:50,Luxettipet,SRC142,9.29,18.36,1270,53,2.44,27.4,0.14,85,2.9,6683,OFF,contamination
09-03-2026 22:00,Alair,SRC854,6.67,2.73,178,85,2.4,26.7,0.24,5,0.1,5033,OFF,safe
09-03-2026 22:10,Toopran,SRC936,9.93,21.53,899,89,1.85,31.1,0.14,150,4,2015,OFF,contamination
